Jurusan,Angkatan,Gender,Usia,IPK,freq_olahraga,durasi_tidur,S1,S2,S3,S4,S5,S6,S7,S8,S9,S10,S11,S12,S13,S14,S15,S16,S17,S18,S19,S20,S21,S22,S23,S24,S25,S26,S27,S28,S29,S30,S31,S32,S33,S34,S35,S36,S37,S38,S39,S40,M1,M2,M3,M4,M5,M6,M7,M8,M9,M10,M11,M12,M13,M14,M15,M16,M17,M18,M19,M20,M21,M22,M23,M24,M25,M26,M27,M28
D3 Sistem Informasi,2023,Laki-laki,20,3.75,1-2 kali,> 7 Jam,2,4,3,2,4,3,4,4,3,2,2,3,3,3,3,3,2,2,2,3,2,4,2,2,2,3,2,2,3,2,2,2,2,2,2,2,2,2,2,2,5,4,5,5,4,4,5,3,5,5,4,5,5,4,5,5,5,5,4,5,5,5,5,4,4,3,4,5
D3 Sistem Informasi,2024,Perempuan,20,3.5,1-2 kali,6-7 Jam,1,1,1,2,2,1,1,1,2,4,1,1,3,1,1,1,2,1,1,3,1,1,1,1,1,1,1,1,1,2,2,1,1,1,1,1,2,2,1,5,6,6,4,4,4,5,5,4,4,4,4,4,6,5,4,5,6,6,6,6,2,6,7,6,1,2,2,2
D3 Sistem Informasi,2024,Laki-laki,19,3.0,Tidak pernah,6-7 Jam,4,3,1,5,4,3,3,3,5,3,3,3,5,3,3,3,3,5,3,3,4,5,3,4,3,5,4,3,3,3,3,3,4,3,3,5,5,4,4,3,6,4,4,5,4,4,4,4,4,6,4,4,7,5,5,7,5,5,5,5,5,5,5,5,4,4,4,4
D3 Sistem Informasi,2024,Perempuan,19,3.7,1-2 kali,> 7 Jam,1,2,1,3,1,2,1,2,3,2,1,1,2,1,2,2,1,1,1,1,1,2,2,1,2,1,1,2,2,2,2,1,1,5,1,5,3,1,1,1,7,4,7,7,7,7,7,7,5,4,4,5,7,4,6,7,7,7,7,7,7,7,7,7,1,1,1,1
D3 Sistem Informasi Akuntansi,2023,Perempuan,20,3.0,1-2 kali,4-5 Jam,4,3,3,3,3,3,3,3,3,3,3,3,3,3,3,3,3,3,3,3,3,3,3,3,3,3,3,3,3,3,3,3,3,3,3,3,3,3,3,3,3,3,3,3,3,3,3,3,3,3,3,3,4,4,4,4,4,4,4,4,4,4,4,4,4,4,4,4
D3 Sistem Informasi Akuntansi,2023,Laki-laki,21,3.7,1-2 kali,4-5 Jam,2,5,1,3,3,3,2,1,5,3,1,5,5,5,5,5,3,1,5,1,1,1,1,1,3,3,1,2,3,3,5,5,1,3,1,5,5,3,3,2,7,7,7,7,7,7,7,7,7,7,7,7,7,7,7,7,7,7,7,7,7,7,7,7,7,7,7,7
D3 Manajemen Pemasaran,2023,Perempuan,21,3.7,1-2 kali,> 7 Jam,3,1,1,4,2,1,3,2,5,2,1,1,2,1,1,1,1,2,1,1,1,1,1,1,1,1,1,1,1,1,1,2,1,1,1,2,1,4,1,1,1,1,1,1,1,1,1,1,1,1,1,1,1,1,1,2,2,1,1,1,1,1,1,1,1,1,1,1
S1 Sistem Informasi,2025,Perempuan,20,3.8,1-2 kali,6-7 Jam,2,1,2,3,1,2,2,1,2,2,2,2,2,2,2,1,1,1,1,2,2,2,2,2,1,1,1,1,2,1,2,2,2,2,4,4,4,4,4,4,7,7,6,6,7,7,7,7,7,7,7,7,7,7,7,7,7,7,7,7,7,7,7,7,2,1,1,1
D3 Sistem Informasi,2023,Laki-laki,20,3.79,3-4 kali,6-7 Jam,4,2,1,3,4,4,1,1,4,5,1,1,4,1,4,4,4,2,2,2,2,4,2,2,2,2,2,2,2,2,2,2,4,3,2,2,2,2,2,2,7,7,7,7,7,7,7,7,7,7,7,7,7,7,7,7,7,7,7,7,7,7,7,7,1,1,7,1
D4 Sistem Informasi Kota Cerdas,2024,Perempuan,18,3.4,3-4 kali,6-7 Jam,2,1,2,4,2,1,3,2,3,2,1,2,2,3,3,2,2,2,2,1,2,2,3,2,2,1,1,2,2,2,1,3,4,4,2,4,4,3,4,2,6,5,6,7,6,5,7,7,7,7,6,7,6,7,7,7,7,7,7,7,4,7,7,7,3,2,2,1
D3 Sistem Informasi,2023,Perempuan,21,3.78,1-2 kali,6-7 Jam,3,2,2,4,2,3,2,2,4,3,1,1,2,3,2,2,2,2,1,1,1,3,2,1,2,2,2,1,1,3,1,2,4,4,3,4,3,2,2,4,3,3,4,4,4,5,7,4,6,4,4,5,4,5,5,5,5,5,6,6,3,4,4,4,2,1,2,2
D4 Sistem Informasi Kota Cerdas,2024,Perempuan,19,3.49,1-2 kali,4-5 Jam,2,2,3,3,3,2,2,2,2,1,2,3,2,3,3,3,2,1,1,1,1,1,1,1,1,2,2,2,2,2,1,2,1,2,2,2,2,3,1,2,7,7,7,7,6,7,7,7,7,7,6,7,7,5,7,7,6,6,5,7,3,2,7,4,1,1,1,1
D3 Rekayasa Perangkat Lunak Aplikasi,2023,Laki-laki,20,3.39,1-2 kali,> 7 Jam,3,1,5,5,3,2,4,2,5,4,1,3,5,5,5,5,4,1,2,2,1,1,1,1,5,4,4,4,4,4,3,3,3,5,5,5,5,5,5,4,5,5,6,6,1,4,5,5,1,4,5,4,7,7,7,6,6,4,6,6,1,7,7,7,4,2,2,1
S1 Seni Rupa,2022,Laki-laki,24,3.91,1-2 kali,4-5 Jam,1,4,3,3,5,5,5,4,4,2,5,2,2,3,3,1,1,3,2,1,1,1,1,1,1,5,5,2,5,3,2,1,1,1,3,1,1,2,1,1,5,4,2,4,1,1,1,1,5,1,1,1,5,5,5,1,1,1,1,1,1,1,6,1,6,7,3,2
D3 Sistem Informasi,2023,Perempuan,21,3.5,1-2 kali,6-7 Jam,1,4,1,4,3,3,4,1,4,3,2,2,3,2,4,2,2,3,3,2,3,2,2,2,3,4,2,2,4,3,2,2,3,5,5,5,5,2,3,4,7,7,7,7,2,2,7,7,2,2,2,2,7,7,7,7,7,7,4,7,2,7,7,7,4,7,2,2
D3 Sistem Informasi,2023,Laki-laki,20,3.97,1-2 kali,> 7 Jam,1,1,1,2,2,2,3,2,2,2,3,2,2,2,3,2,1,2,2,2,3,1,2,3,1,2,2,2,2,2,2,2,1,2,2,3,2,3,3,3,7,7,7,7,7,7,7,7,7,4,4,7,7,7,7,7,7,7,7,7,7,7,7,7,1,1,1,1
S1 Manajemen,2024,Perempuan,19,3.5,1-2 kali,6-7 Jam,2,3,4,3,4,1,3,1,4,3,3,3,5,4,3,3,2,4,3,3,4,2,4,4,2,4,4,3,3,4,3,4,2,4,1,3,3,1,2,2,6,6,5,5,6,6,7,4,4,4,4,4,7,7,5,4,6,6,5,5,5,5,5,5,3,5,2,1
D3 Sistem Informasi,2023,Laki-laki,20,3.85,3-4 kali,6-7 Jam,3,3,2,4,4,4,4,3,4,3,1,3,2,4,4,4,4,3,1,3,1,1,1,1,1,1,1,4,3,2,1,3,4,4,2,4,5,5,4,3,5,6,6,7,5,5,6,6,5,3,4,5,5,6,6,6,7,6,6,7,4,3,6,5,2,3,3,4
D3 Sistem Informasi,2024,Perempuan,19,3.55,1-2 kali,6-7 Jam,2,2,2,3,3,2,3,2,4,2,4,3,2,3,4,2,3,4,4,1,2,4,3,2,2,2,1,2,2,1,1,2,2,4,1,4,4,3,3,4,6,7,5,5,6,5,5,5,5,6,4,5,5,6,4,7,7,7,6,6,7,7,7,7,1,1,1,1
D3 Sistem Informasi,2023,Perempuan,20,3.66,1-2 kali,6-7 Jam,4,5,4,5,4,3,4,3,5,3,2,4,3,3,4,2,4,4,3,1,3,3,3,2,1,2,1,4,4,4,4,4,2,5,3,4,4,5,3,4,6,6,6,6,6,6,6,6,6,6,6,6,6,6,6,6,6,6,6,6,6,6,6,6,1,1,1,1
D3 Sistem Informasi,2023,Laki-laki,20,3.28,1-2 kali,6-7 Jam,3,1,1,4,3,1,3,3,3,4,1,2,3,3,1,3,3,4,4,1,1,4,4,4,1,1,1,1,1,1,1,1,1,1,1,1,1,1,1,2,4,4,4,4,4,4,4,4,4,4,4,4,4,6,6,6,6,4,4,6,6,4,6,6,4,4,1,1
D3 Sistem Informasi,2023,Laki-laki,20,3.43,5-7 kali,< 4 Jam,4,3,5,3,5,5,5,3,4,5,5,5,5,5,5,5,5,3,3,5,3,3,3,1,2,5,5,5,5,5,5,5,3,3,3,3,3,3,3,3,7,7,7,7,7,7,7,7,7,7,7,7,7,7,7,7,7,7,7,7,7,7,7,7,7,7,7,7
D3 Sistem Informasi,2024,Laki-laki,20,3.88,Tidak pernah,6-7 Jam,2,4,1,1,2,2,2,2,2,2,1,2,2,2,2,2,2,2,2,2,3,2,2,3,3,2,2,1,3,3,3,3,1,2,1,3,3,1,2,2,6,5,6,6,5,4,5,5,6,3,3,4,6,6,6,6,5,3,4,5,3,3,6,5,3,1,2,2
D3 Sistem Informasi,2024,Laki-laki,19,3.16,Tidak pernah,6-7 Jam,4,2,5,5,5,2,4,2,3,4,2,3,4,4,4,2,4,4,5,2,5,2,4,5,1,4,4,5,3,4,3,2,5,5,2,5,5,2,5,3,5,7,7,4,6,7,7,6,4,7,7,5,6,7,6,6,7,7,6,7,7,7,7,7,5,6,3,4
D3 Sistem Informasi,2023,Laki-laki,19,3.5,1-2 kali,< 4 Jam,3,3,2,4,3,3,2,1,2,2,2,2,2,2,2,2,2,2,2,2,3,2,1,1,1,1,1,1,1,1,1,1,1,1,1,2,2,2,2,2,2,2,2,2,2,2,2,2,2,2,2,2,2,2,2,2,2,2,2,2,2,2,2,2,2,1,1,1
D4 Sistem Informasi Kota Cerdas,2024,Perempuan,18,3.5,1-2 kali,4-5 Jam,3,1,1,3,2,2,2,2,4,4,1,3,3,4,4,3,5,2,3,1,3,2,2,1,1,1,1,3,3,1,1,1,1,5,1,5,4,2,1,5,5,5,5,5,6,6,6,3,4,3,4,3,5,5,6,7,7,7,7,7,1,6,7,7,1,1,1,1
D3 Sistem Informasi,2023,Perempuan,20,3.65,5-7 kali,4-5 Jam,4,3,2,3,3,3,3,3,2,2,2,2,2,2,2,2,3,3,3,3,3,3,3,3,3,3,3,3,3,3,3,3,3,3,3,3,3,3,3,3,4,4,4,4,4,4,4,4,4,4,4,4,4,4,4,4,4,4,4,4,4,4,4,4,4,4,4,4
D3 Manajemen Pemasaran,2023,Perempuan,20,3.97,1-2 kali,> 7 Jam,4,4,3,2,4,3,4,5,5,4,5,4,5,5,4,4,3,5,2,2,3,3,2,2,3,4,5,4,5,3,4,3,2,2,2,3,4,2,3,3,6,6,6,6,6,6,7,6,5,6,4,5,6,6,6,6,6,6,6,5,4,5,7,7,1,1,1,1
D3 Sistem Informasi,2023,Perempuan,20,3.33,Tidak pernah,4-5 Jam,3,4,1,5,2,3,3,1,2,2,1,1,2,2,2,1,2,1,3,2,2,1,1,2,1,1,1,2,1,1,1,1,2,2,1,3,1,1,1,2,6,7,4,6,4,7,7,5,5,4,2,1,7,7,6,7,6,7,6,7,7,7,7,7,1,1,1,1
D3 Sistem Informasi,2023,Perempuan,20,3.43,1-2 kali,4-5 Jam,4,3,1,4,3,5,2,4,5,5,1,3,4,4,5,5,5,4,5,5,5,4,4,2,4,2,1,5,4,4,3,3,3,5,5,5,5,5,5,5,3,3,2,1,3,6,6,6,5,6,6,5,5,6,7,6,7,5,6,7,6,7,7,7,1,5,1,1
D4 Sistem Informasi Kota Cerdas,2024,Perempuan,20,3.8,1-2 kali,6-7 Jam,3,1,1,2,4,4,2,4,4,4,3,4,5,4,5,5,3,5,5,5,5,3,3,2,2,2,2,4,3,4,4,4,1,2,3,2,4,4,3,5,7,7,7,7,7,7,7,7,7,6,6,6,7,7,7,6,6,6,6,6,6,6,7,7,1,1,1,1
D3 Sistem Informasi,2023,Laki-laki,20,3.94,3-4 kali,6-7 Jam,1,1,1,4,1,1,3,1,3,1,3,1,2,1,3,1,1,1,1,1,3,1,1,1,1,3,3,1,3,1,3,3,1,1,1,1,3,1,1,3,7,6,7,7,5,5,5,5,4,3,3,4,7,5,5,5,5,4,4,4,5,6,7,7,1,1,1,1
D3 Sistem Informasi,2023,Perempuan,20,3.5,1-2 kali,4-5 Jam,3,3,3,3,3,3,3,3,3,3,3,3,3,3,3,3,3,3,3,3,3,3,3,3,3,3,3,3,3,3,3,3,3,3,3,3,3,3,3,3,3,3,3,3,4,4,4,4,4,4,4,4,4,4,4,4,4,4,4,4,4,4,4,4,4,4,4,4
D3 Sistem Informasi,2024,Perempuan,19,3.6,1-2 kali,4-5 Jam,3,2,4,5,4,2,4,2,5,4,3,3,5,5,4,4,5,4,4,4,5,5,3,1,2,4,4,4,3,4,2,1,2,5,5,4,5,4,5,4,6,7,7,4,5,6,6,5,6,4,3,5,6,6,6,7,7,5,6,6,7,6,7,7,1,4,1,1
D3 Sistem Informasi,2023,Laki-laki,20,3.47,1-2 kali,4-5 Jam,2,5,2,5,5,3,5,5,5,1,5,1,5,5,5,5,1,1,5,5,5,1,1,1,2,1,5,5,5,5,5,5,1,1,1,1,1,5,1,3,7,7,7,7,7,7,7,7,7,7,7,7,7,7,7,7,7,7,7,7,7,7,7,7,1,1,1,1
D3 Sistem Informasi,2023,Perempuan,20,3.58,1-2 kali,4-5 Jam,3,5,2,3,4,3,4,2,4,3,5,4,3,4,5,4,5,5,4,1,5,4,5,4,2,3,5,5,3,3,3,4,3,5,4,5,5,4,3,4,6,5,6,6,3,5,6,5,6,5,4,5,6,6,7,7,7,6,7,7,7,7,7,7,2,2,2,2
D3 Sistem Informasi,2023,Perempuan,20,3.84,1-2 kali,6-7 Jam,3,4,1,3,4,2,2,3,2,2,2,2,2,2,4,4,4,4,3,1,2,2,2,2,2,2,3,4,4,4,4,4,2,2,4,3,2,4,5,2,6,6,6,5,6,6,6,7,7,6,6,5,5,4,6,6,7,5,6,6,7,7,6,7,7,6,6,6
D3 Sistem Informasi,2023,Perempuan,21,3.5,1-2 kali,> 7 Jam,4,4,3,5,3,4,4,4,4,5,3,4,3,3,3,3,3,3,3,3,3,3,3,3,3,3,3,3,3,3,3,3,3,3,3,3,3,3,3,3,7,7,7,7,7,7,7,7,7,7,7,7,7,7,7,7,7,7,7,7,7,7,7,7,2,4,2,2
D3 Sistem Informasi,2023,Perempuan,19,3.16,1-2 kali,6-7 Jam,2,2,3,3,4,3,4,3,4,4,5,5,3,4,4,4,4,4,4,3,3,4,4,1,1,4,5,4,4,4,4,4,5,4,4,4,5,4,4,5,7,5,5,6,5,7,7,7,5,4,4,6,7,5,7,7,7,7,7,7,7,7,7,7,4,3,2,1
D3 Sistem Informasi,2023,Perempuan,21,3.78,1-2 kali,4-5 Jam,3,2,2,5,4,4,4,3,2,3,5,3,3,4,3,3,2,2,2,3,1,2,2,1,1,2,4,3,4,1,2,3,3,4,5,5,4,4,4,5,6,4,5,7,7,6,7,7,6,5,4,5,7,6,6,7,5,6,5,6,6,7,7,7,1,2,1,2
D3 Sistem Informasi Akuntansi,2023,Perempuan,20,3.51,1-2 kali,4-5 Jam,3,3,3,4,3,3,4,3,3,3,2,2,2,2,3,3,3,3,2,2,3,3,3,3,3,3,3,2,3,3,2,2,3,3,2,3,4,3,3,3,6,6,6,6,6,6,6,6,6,6,6,5,7,5,6,6,6,4,4,5,4,4,6,6,1,1,1,1
D3 Sistem Informasi,2023,Perempuan,20,3.68,1-2 kali,6-7 Jam,1,2,2,3,2,2,2,3,3,2,2,2,3,3,3,3,3,3,2,2,3,3,3,3,2,3,3,3,3,3,3,3,3,3,3,3,3,3,3,2,5,5,6,6,6,6,6,5,6,6,7,6,7,7,7,7,7,6,5,7,4,7,7,7,2,2,2,2
D3 Sistem Informasi,2023,Perempuan,21,3.7,1-2 kali,6-7 Jam,2,1,1,3,3,3,4,4,3,2,3,3,4,4,3,3,2,3,3,2,2,3,2,1,3,4,5,2,5,3,5,5,2,3,4,3,3,5,5,4,6,6,6,6,6,6,7,5,6,6,4,6,7,7,7,6,7,7,7,7,6,7,7,7,1,1,1,1
D3 Sistem Informasi,2023,Perempuan,21,3.5,1-2 kali,> 7 Jam,2,2,2,3,1,2,2,1,2,3,1,2,2,2,2,2,2,2,2,2,2,1,2,2,2,2,2,2,2,2,2,2,1,2,1,1,1,2,1,2,6,6,6,6,6,6,6,6,6,6,6,6,7,7,6,6,6,7,7,7,3,5,6,6,3,3,3,3
D3 Sistem Informasi,2023,Perempuan,20,3.46,1-2 kali,4-5 Jam,3,1,1,3,3,2,3,2,3,3,1,2,3,3,3,2,3,3,3,2,2,3,1,1,1,2,1,2,2,2,2,2,2,2,1,3,3,2,2,2,6,6,6,6,6,5,6,6,6,5,5,7,6,6,6,6,6,5,5,7,5,5,7,7,2,2,2,2
D3 Sistem Informasi,2023,Laki-laki,20,3.38,1-2 kali,6-7 Jam,4,1,1,4,4,4,3,1,3,5,4,4,4,4,4,4,4,5,5,3,3,5,5,1,3,4,4,5,5,5,4,5,4,5,4,5,5,5,5,5,5,5,5,4,5,5,5,5,5,5,5,5,6,6,6,6,6,4,4,6,4,5,7,6,6,7,5,7
D3 Manajemen Pemasaran,2025,Perempuan,19,3.0,Tidak pernah,6-7 Jam,1,1,1,2,1,1,1,1,2,3,1,1,2,2,3,2,1,1,1,1,1,1,1,1,1,2,1,1,3,1,1,1,1,2,1,2,2,1,1,1,5,3,4,4,4,5,4,5,5,5,4,4,6,6,6,6,6,5,6,6,6,4,7,7,1,1,1,1
D3 Sistem Informasi,2023,Laki-laki,20,3.3,1-2 kali,6-7 Jam,1,1,1,1,1,1,1,1,1,1,1,1,1,1,1,1,1,1,1,1,5,1,1,5,1,1,1,1,1,1,1,1,1,1,1,1,1,1,5,1,7,7,7,7,7,7,7,7,7,1,1,1,7,7,7,7,7,7,7,7,7,7,7,7,1,1,1,1
D3 Sistem Informasi,2023,Perempuan,20,3.96,Tidak pernah,6-7 Jam,3,4,2,4,3,4,3,3,4,4,3,3,4,3,3,3,3,4,3,3,4,4,4,3,3,3,3,3,3,4,3,3,3,4,3,4,3,4,4,3,6,6,6,5,6,6,6,6,4,3,3,4,5,5,5,6,6,6,6,6,5,6,7,7,2,1,1,2
D4 Teknologi Rekayasa Multimedia,2025,Laki-laki,23,3.38,5-7 kali,6-7 Jam,3,1,2,4,3,3,5,5,4,4,1,3,2,1,5,5,4,5,4,4,1,4,3,4,1,3,5,3,4,2,2,4,4,5,4,5,4,5,5,5,7,5,7,7,6,6,5,7,6,5,3,3,6,5,7,6,6,6,6,5,6,4,5,6,2,4,4,1
D3 Manajemen Pemasaran,2023,Perempuan,21,3.92,Tidak pernah,6-7 Jam,2,1,3,3,3,3,4,2,4,1,4,3,3,2,3,2,3,3,3,3,2,2,2,1,1,3,4,3,4,2,3,4,1,2,2,3,2,3,3,3,4,5,6,6,5,4,5,7,6,4,5,7,7,7,7,7,7,7,5,6,4,6,7,7,3,1,4,1
D4 Teknologi Rekayasa Multimedia,2022,Laki-laki,21,3.32,1-2 kali,4-5 Jam,5,3,5,5,5,3,5,5,5,5,2,1,5,5,5,5,5,5,5,5,5,5,5,5,5,5,5,3,5,5,5,5,5,5,5,1,2,5,5,5,7,7,7,7,7,7,7,7,7,7,7,7,7,7,7,7,7,7,7,7,7,7,7,7,7,1,7,7
D3 Digital Marketing,2025,Perempuan,18,3.6,1-2 kali,4-5 Jam,1,2,1,2,2,2,2,1,2,2,1,2,2,2,2,2,2,2,2,2,3,1,2,1,1,2,1,2,1,1,1,1,2,2,1,2,2,1,2,2,6,6,7,6,4,5,4,4,5,3,3,4,7,7,6,6,7,5,5,5,6,6,7,7,1,1,1,1
D4 Teknologi Rekayasa Multimedia,2023,Perempuan,20,3.93,1-2 kali,< 4 Jam,5,4,4,2,4,2,5,2,5,3,4,4,3,4,5,2,4,3,3,4,4,4,3,2,2,4,4,4,5,4,4,3,2,3,3,4,4,5,4,5,7,7,6,7,2,4,5,6,4,2,3,5,7,7,7,7,6,2,6,5,1,6,7,7,1,1,2,1
D3 Manajemen Pemasaran,2023,Laki-laki,20,3.0,3-4 kali,> 7 Jam,1,1,1,1,1,1,1,1,1,1,1,1,1,1,1,1,1,1,1,1,1,1,1,1,2,1,1,2,1,1,2,2,2,1,1,1,1,1,2,1,1,1,1,1,3,2,2,2,2,2,2,2,2,1,1,1,2,1,1,2,2,1,2,2,1,2,1,2
D4 Teknologi Rekayasa Multimedia,2024,Perempuan,18,3.84,Tidak pernah,> 7 Jam,2,3,3,4,3,3,4,5,5,4,5,4,3,5,5,5,3,1,2,1,3,1,1,1,1,5,5,2,5,3,5,5,1,5,5,5,5,5,5,4,7,7,7,7,7,7,6,6,5,4,4,3,7,6,6,5,6,5,4,4,4,4,4,4,1,1,1,1
D3 Sistem Informasi,2024,Laki-laki,19,2.8,1-2 kali,> 7 Jam,3,3,2,4,3,3,3,3,3,3,4,3,2,3,4,3,3,3,3,3,3,3,3,2,3,3,3,3,3,2,4,3,3,4,3,3,3,3,3,3,6,5,6,4,6,5,6,6,4,5,4,4,7,5,6,5,5,5,4,5,4,5,7,5,2,2,2,1
D3 Sistem Informasi,2024,Perempuan,19,3.67,1-2 kali,< 4 Jam,3,3,1,4,5,2,2,2,2,4,1,2,4,3,4,3,4,3,3,2,2,3,2,2,3,2,2,2,4,3,4,3,3,4,1,5,5,2,3,4,5,6,6,5,6,6,6,7,5,5,5,5,5,5,5,5,5,5,5,5,5,5,5,5,5,5,5,5
D3 Sistem Informasi,2024,Perempuan,20,3.8,Tidak pernah,< 4 Jam,4,5,3,5,5,1,3,1,1,5,1,2,4,3,4,3,5,5,2,3,1,5,1,1,1,4,5,3,4,3,2,3,3,5,1,5,5,5,5,4,5,4,2,7,2,2,7,3,7,7,6,3,6,3,3,4,2,2,4,4,5,4,4,3,4,7,4,2
D3 Sistem Informasi,2023,Perempuan,20,3.0,1-2 kali,6-7 Jam,3,2,2,3,2,4,2,3,3,4,1,2,4,2,4,2,4,3,2,1,2,2,1,3,2,2,2,3,4,4,3,2,2,4,1,3,2,1,4,2,6,6,7,5,3,2,7,5,6,5,4,7,7,6,6,7,7,5,6,6,2,6,7,7,2,2,1,1
D3 Sistem Informasi,2024,Perempuan,20,3.09,3-4 kali,6-7 Jam,4,2,2,3,3,4,4,4,3,3,2,1,3,4,3,5,3,5,4,4,4,2,3,4,2,2,1,1,1,5,2,3,4,4,1,4,5,2,4,3,6,6,4,5,6,6,5,5,5,6,5,4,7,7,7,7,7,6,7,7,6,7,7,7,2,1,1,1
D3 Sistem Informasi,2024,Perempuan,20,3.4,1-2 kali,6-7 Jam,3,2,1,3,2,2,2,1,3,3,1,1,3,2,3,2,3,2,2,2,2,1,1,1,2,2,1,2,2,2,2,2,1,3,1,2,3,2,1,2,6,6,6,6,6,6,6,6,6,6,6,6,6,6,6,6,6,6,6,6,6,6,6,6,1,1,1,1
D3 Sistem Informasi,2024,Laki-laki,19,3.38,1-3 kali,4-5 Jam,2,2,3,4,3,3,3,4,2,2,1,3,2,2,4,4,3,2,2,2,2,1,1,1,2,2,1,4,2,2,2,2,3,4,1,3,5,2,3,3,5,5,4,3,4,4,6,6,5,3,3,3,7,6,6,6,5,4,4,3,6,7,6,6,1,1,1,1
D3 Sistem Informasi,2024,Laki-laki,18,3.0,4-6 kali,< 4 Jam,4,1,3,5,3,2,3,5,2,4,1,4,5,3,3,3,3,1,4,3,1,1,1,1,3,2,1,4,4,4,3,5,4,5,1,5,4,3,4,2,6,7,5,5,6,4,6,6,5,4,4,4,7,6,6,7,7,4,7,7,3,4,7,7,4,4,1,3
D3 Sistem Informasi,2024,Laki-laki,20,3.18,1-3 kali,4-5 Jam,3,1,1,4,1,1,2,1,2,2,1,2,3,2,3,2,4,2,4,4,3,1,2,1,1,1,1,1,2,2,2,2,3,3,2,2,3,3,3,2,7,7,7,7,7,7,7,7,7,6,4,4,7,7,7,7,7,7,7,7,4,6,7,7,2,3,1,1
D3 Sistem Informasi,2024,Perempuan,19,3.05,1-3 kali,4-5 Jam,4,2,2,3,3,3,2,2,3,4,1,4,4,4,3,4,4,2,4,2,2,3,2,3,3,2,2,4,3,3,2,3,4,4,2,4,4,3,2,4,5,5,5,4,3,4,4,2,3,4,4,5,5,5,6,5,4,6,5,5,5,6,7,7,3,4,4,4
D3 Sistem Informasi,2024,Laki-laki,19,2.58,Tidak pernah,6-7 Jam,3,1,4,3,3,4,4,3,1,3,2,2,2,3,4,3,4,3,4,3,5,3,3,3,2,2,1,3,3,2,2,4,4,4,2,4,3,4,4,3,4,6,4,3,3,2,4,4,3,5,4,3,6,6,5,4,6,4,3,4,6,5,6,6,5,4,4,4
D3 Sistem Informasi,2024,Laki-laki,20,2.24,1-3 kali,6-7 Jam,3,2,2,1,2,2,3,2,3,3,2,3,2,2,3,2,3,3,4,3,3,2,2,2,3,2,3,4,3,2,2,3,2,2,3,3,2,3,4,3,1,3,3,2,3,2,3,3,3,3,2,2,2,2,2,2,2,3,3,3,2,2,4,5,3,3,4,2
D3 Sistem Informasi,2024,Laki-laki,19,4.0,4-6 kali,< 4 Jam,4,4,5,1,5,5,5,5,3,1,2,2,5,5,5,2,2,4,1,1,1,3,1,1,5,2,2,1,5,5,1,1,1,4,1,2,2,2,2,1,2,2,2,2,2,2,2,3,6,1,2,2,7,1,6,6,6,6,1,3,7,6,7,7,1,1,1,1
D3 Sistem Informasi,2024,Laki-laki,21,1.74,Tidak pernah,< 4 Jam,2,1,1,3,1,3,2,4,3,4,3,1,4,2,3,3,2,1,4,2,2,1,1,1,2,2,3,2,3,3,2,3,1,1,2,1,3,2,5,1,7,6,5,4,4,4,4,4,4,4,4,5,6,7,7,6,5,4,4,4,4,4,5,6,5,4,4,4
D3 Sistem Informasi,2024,Laki-laki,19,3.0,1-3 kali,6-7 Jam,2,3,2,3,3,3,3,2,2,2,1,1,1,1,1,1,1,1,1,1,1,1,1,1,1,1,1,1,1,1,1,1,1,1,1,1,1,1,1,1,7,6,5,7,7,7,7,7,4,5,5,5,6,6,7,7,7,6,6,6,6,7,7,7,1,1,1,1
D3 Sistem Informasi,2024,Perempuan,19,3.2,4-6 kali,6-7 Jam,3,1,2,3,3,2,3,4,2,4,1,2,2,2,3,3,4,2,3,3,2,3,1,2,2,1,1,3,2,2,1,2,3,3,1,2,2,3,2,3,6,6,6,7,6,6,6,7,6,6,5,5,7,7,7,5,6,6,6,6,5,5,7,7,4,3,2,1
D3 Sistem Informasi,2024,Laki-laki,20,3.19,>7 kali,6-7 Jam,1,1,1,5,3,1,3,1,1,1,1,1,1,1,2,1,4,1,1,1,1,1,1,1,1,1,1,1,1,1,1,1,1,1,1,1,3,1,1,1,7,1,7,7,5,4,7,2,4,7,6,6,7,6,6,2,6,2,3,6,3,4,6,3,5,3,4,4
D3 Sistem Informasi,2024,Perempuan,19,3.4,1-3 kali,6-7 Jam,3,1,1,4,5,2,1,2,2,3,5,5,3,3,3,2,2,1,3,3,3,1,2,2,5,5,5,4,4,4,5,4,2,3,5,2,3,3,5,2,7,7,6,6,7,7,7,6,5,4,4,4,7,7,7,7,7,7,7,7,1,4,7,7,1,1,1,1
D3 Sistem Informasi,2024,Perempuan,19,3.25,4-6 kali,6-7 Jam,3,1,2,4,3,1,3,3,2,4,1,2,3,4,3,4,4,2,4,4,4,1,2,5,3,1,1,3,2,3,1,3,4,4,1,4,4,4,3,3,5,5,5,5,3,4,4,5,4,3,3,4,6,5,5,4,5,5,4,5,4,5,6,6,2,4,3,4
D3 Sistem Informasi,2024,Laki-laki,19,2.14,1-3 kali,4-5 Jam,2,1,2,4,3,1,3,3,2,1,1,1,1,3,1,1,2,2,2,3,3,1,1,1,1,1,1,2,1,2,1,1,1,2,1,2,2,2,2,1,6,6,6,6,6,7,6,6,6,7,5,6,6,6,6,6,7,7,6,6,6,6,7,6,7,6,7,6
D3 Sistem Informasi,2024,Perempuan,19,3.6,Tidak pernah,6-7 Jam,3,2,3,5,4,4,5,5,5,4,3,4,4,4,5,5,5,5,5,4,5,5,4,1,2,2,1,4,4,5,3,3,4,5,5,5,4,3,3,4,4,5,5,5,5,5,4,4,3,1,2,2,6,6,7,6,5,3,4,4,7,7,6,7,1,1,1,1
D3 Sistem Informasi,2024,Laki-laki,20,2.64,1-3 kali,6-7 Jam,4,2,4,1,2,3,2,4,4,4,1,1,5,3,3,2,2,1,4,3,2,1,2,1,5,3,1,3,4,2,1,2,5,5,2,5,5,5,5,3,7,7,7,7,5,5,4,3,6,7,7,6,3,6,6,6,4,4,5,5,7,6,7,6,2,1,1,1
D3 Sistem Informasi,2023,Laki-laki,21,3.75,1-3 kali,6-7 Jam,3,2,3,4,2,3,3,2,4,4,2,3,4,3,3,3,3,4,4,4,4,3,4,4,2,2,4,3,3,3,3,3,3,3,3,4,3,2,2,3,5,5,5,5,5,5,5,5,5,5,5,5,5,5,5,5,5,5,5,5,5,5,5,5,4,5,4,4
D3 Sistem Informasi,2024,Perempuan,19,3.4,1-3 kali,6-7 Jam,3,2,2,5,2,3,3,3,3,3,3,3,3,3,3,2,3,3,3,2,3,2,3,2,2,2,2,3,4,4,2,2,3,3,1,2,3,2,1,2,5,6,7,6,5,6,6,6,4,4,5,5,7,6,6,7,6,5,6,6,7,7,7,7,2,2,2,1
D3 Sistem Informasi,2024,Laki-laki,19,3.1,4-6 kali,6-7 Jam,3,2,1,3,2,3,2,2,4,2,1,1,3,3,4,4,3,1,3,1,1,1,1,1,3,1,1,1,1,1,1,1,3,3,1,4,3,1,1,1,6,6,6,6,6,6,6,6,6,6,6,6,6,6,6,6,6,6,6,6,6,6,6,6,1,1,1,1
D3 Sistem Informasi,2024,Perempuan,19,3.24,1-3 kali,4-5 Jam,2,1,1,2,3,2,3,3,2,3,1,2,3,1,2,1,3,1,4,2,4,2,3,3,1,1,1,2,2,3,2,1,1,4,1,3,3,1,2,3,4,5,4,4,3,4,3,4,6,6,3,4,4,4,5,5,6,4,4,5,3,4,7,6,1,1,1,1
D3 Sistem Informasi,2024,Perempuan,19,3.2,1-3 kali,4-5 Jam,3,2,1,3,2,2,2,2,3,3,3,1,2,2,3,3,3,3,3,3,3,2,3,2,3,2,2,3,3,3,2,2,3,3,2,4,3,1,3,3,4,4,4,4,3,4,3,5,5,4,4,4,5,5,4,4,4,5,5,6,6,6,6,6,6,5,5,6
D3 Sistem Informasi,2024,Perempuan,20,3.1,1-3 kali,4-5 Jam,3,3,2,3,1,3,4,1,3,4,1,3,3,4,4,3,4,5,5,3,4,5,5,3,3,1,1,3,1,3,1,3,3,4,1,5,5,4,5,3,4,4,4,4,5,5,5,5,4,5,4,5,6,5,4,4,5,5,5,5,7,5,7,7,4,6,4,4
D3 Sistem Informasi,2024,Perempuan,21,3.2,1-3 kali,6-7 Jam,3,1,1,1,1,3,3,1,3,1,1,3,3,3,2,3,5,3,3,3,5,3,3,3,3,3,1,3,2,3,1,3,1,5,1,5,3,3,1,3,7,7,7,7,1,7,7,7,7,7,7,7,7,7,7,7,7,7,7,7,7,7,7,7,7,7,7,7
D3 Sistem Informasi,2024,Perempuan,20,3.1,1-3 kali,6-7 Jam,4,3,1,5,2,2,2,3,4,3,1,3,3,4,4,3,3,4,5,2,4,4,4,2,3,2,2,3,3,4,2,4,4,4,2,4,4,2,3,3,7,5,5,5,4,5,6,6,5,3,2,5,7,7,7,7,5,6,5,5,6,6,7,7,1,1,1,1
D3 Sistem Informasi,2024,Perempuan,20,3.6,Tidak pernah,4-5 Jam,3,2,1,3,3,1,2,3,4,2,1,1,3,3,4,4,2,3,3,1,3,2,2,2,3,2,1,1,3,2,2,3,1,4,1,4,4,1,1,2,6,6,5,5,4,4,6,5,6,4,4,5,4,4,4,4,6,6,5,6,6,7,6,6,2,2,2,2
D3 Sistem Informasi,2024,Perempuan,19,3.1,1-3 kali,4-5 Jam,2,4,3,3,1,2,2,3,2,1,2,2,1,2,3,2,2,4,3,3,1,2,2,3,1,2,3,2,2,2,1,2,2,3,1,3,4,2,1,2,4,4,4,4,4,4,4,5,4,4,4,4,4,4,4,4,4,4,4,4,4,4,4,4,4,4,4,4
D3 Sistem Informasi,2024,Perempuan,21,3.0,4-6 kali,4-5 Jam,3,1,2,4,2,3,3,2,3,3,1,2,3,2,3,3,3,4,4,1,1,4,4,4,2,1,1,2,2,3,2,3,2,3,2,4,3,3,2,2,4,4,6,6,5,7,4,5,6,4,5,6,6,5,7,7,7,6,5,6,6,5,7,7,1,1,1,1
D3 Sistem Informasi,2024,Laki-laki,19,3.67,Tidak pernah,4-5 Jam,3,2,3,2,3,2,4,4,3,2,2,2,4,3,3,3,3,3,3,2,3,2,2,2,2,2,1,3,3,3,3,3,1,3,1,2,3,2,2,3,6,6,7,6,6,7,6,6,5,5,1,5,7,7,7,7,7,7,7,7,7,7,7,7,1,1,1,1
D3 Sistem Informasi,2024,Perempuan,19,3.2,Tidak pernah,< 4 Jam,3,2,1,4,3,2,2,2,4,3,1,3,3,2,3,4,3,3,4,3,4,4,4,4,3,2,1,2,3,3,2,2,4,4,1,4,4,2,3,3,4,4,4,4,5,4,3,5,4,6,6,6,6,6,6,6,5,5,5,6,4,5,6,5,5,3,4,5
D3 Sistem Informasi,2024,Laki-laki,20,3.71,Tidak pernah,6-7 Jam,3,2,2,4,2,3,3,2,3,4,2,2,3,3,4,4,3,2,4,3,4,3,2,4,3,2,2,3,3,4,2,4,3,3,2,4,4,1,3,3,4,4,5,4,4,4,5,4,3,3,3,4,5,6,5,6,5,5,5,5,7,6,6,6,4,5,3,4
D3 Sistem Informasi,2024,Perempuan,20,3.72,1-3 kali,4-5 Jam,2,2,1,3,1,1,3,1,3,1,1,1,1,3,2,2,2,2,3,2,2,1,1,2,3,1,1,1,2,2,1,1,1,2,1,3,2,2,2,2,6,5,5,5,6,5,7,6,5,5,6,5,7,7,7,7,7,7,7,7,5,7,7,7,5,4,2,2
D3 Sistem Informasi,2024,Laki-laki,19,3.7,1-3 kali,4-5 Jam,4,2,3,5,2,4,4,5,3,3,1,3,4,4,4,4,4,2,3,2,2,3,4,2,3,2,2,3,3,4,4,4,5,5,1,5,3,3,4,3,4,4,5,6,5,6,6,5,5,3,4,6,7,6,6,7,7,7,5,5,6,7,6,6,1,1,1,1
D3 Sistem Informasi,2024,Perempuan,19,3.0,1-3 kali,4-5 Jam,3,2,1,4,3,3,2,2,3,4,1,4,4,3,4,4,3,4,5,2,4,4,4,3,2,2,1,3,3,4,3,3,4,5,1,5,4,2,1,3,4,5,5,4,3,5,6,5,3,6,5,5,7,6,7,7,6,4,3,6,7,7,7,7,2,1,1,1
D3 Sistem Informasi,2024,Perempuan,19,3.6,1-3 kali,4-5 Jam,3,2,1,3,3,2,4,3,3,2,2,1,4,4,4,4,3,3,3,3,2,1,2,2,3,2,2,3,5,4,4,5,2,5,2,5,3,3,3,3,6,6,7,7,7,6,7,5,4,4,4,5,7,7,7,7,7,7,7,7,6,7,7,7,1,1,1,1
D3 Sistem Informasi,2024,Laki-laki,20,3.2,1-3 kali,6-7 Jam,3,1,1,3,1,2,2,2,2,3,1,3,3,2,3,4,4,1,3,1,1,1,1,1,2,2,1,3,2,2,1,2,1,4,1,4,3,3,3,3,7,7,4,3,4,4,4,4,6,6,4,4,6,4,5,4,7,6,7,7,6,7,7,7,4,1,1,1
D3 Sistem Informasi,2024,Laki-laki,20,3.6,1-3 kali,4-5 Jam,3,2,3,4,3,3,5,4,3,4,2,3,4,4,3,3,2,2,3,1,2,3,3,4,3,3,3,4,5,5,4,5,5,4,1,3,2,2,4,4,5,4,4,5,4,4,4,4,4,4,4,4,4,4,4,4,4,4,4,4,4,4,4,4,4,4,4,4
D3 Sistem Informasi,2024,Laki-laki,19,3.45,1-3 kali,4-5 Jam,3,2,2,3,2,2,2,2,2,3,1,2,3,2,4,3,4,2,2,3,3,3,2,2,2,2,1,2,2,2,2,2,1,2,2,3,4,2,4,2,4,5,6,5,4,4,5,5,4,4,4,4,6,6,6,6,6,4,4,6,6,5,7,7,1,5,4,4
D3 Sistem Informasi,2024,Perempuan,20,3.0,1-3 kali,4-5 Jam,2,1,1,2,1,2,2,2,2,2,1,1,2,2,2,3,2,2,3,2,1,3,1,1,1,1,1,2,1,1,2,1,3,2,1,2,1,1,2,1,6,6,6,6,6,6,6,6,6,6,6,7,7,6,6,7,7,7,7,7,7,7,7,7,1,1,1,1
D3 Sistem Informasi,2024,Perempuan,19,3.6,1-3 kali,4-5 Jam,4,3,2,4,3,2,3,2,3,4,2,3,3,3,3,4,4,5,4,3,4,3,5,5,3,2,2,3,4,4,3,4,5,5,3,5,3,3,3,3,6,6,6,6,7,7,6,6,5,5,5,5,5,6,5,5,7,6,5,7,7,7,7,7,1,1,1,1
D3 Sistem Informasi,2024,Perempuan,20,3.4,1-3 kali,6-7 Jam,3,1,3,4,2,3,4,4,3,4,3,3,4,3,4,3,3,4,3,4,3,2,2,2,3,2,3,3,3,3,3,2,2,5,2,4,4,2,2,3,6,5,5,4,4,5,5,7,5,6,5,7,7,7,6,7,7,7,7,7,7,6,7,7,2,2,1,1
D3 Sistem Informasi,2024,Laki-laki,19,3.8,1-3 kali,4-5 Jam,3,3,3,3,3,4,4,3,3,3,4,5,4,5,4,5,4,5,4,3,3,3,3,3,3,3,3,3,3,3,3,3,3,3,3,3,3,3,3,3,4,4,4,4,4,4,4,4,4,4,4,4,4,4,4,4,4,4,4,4,4,4,4,4,4,4,4,4
D3 Sistem Informasi,2024,Perempuan,19,3.2,Tidak pernah,6-7 Jam,3,1,1,3,3,1,3,1,3,1,1,2,2,3,3,4,3,1,4,1,3,4,3,1,1,4,1,1,1,2,1,1,1,2,1,5,3,2,1,2,7,7,7,7,6,6,7,5,6,7,5,6,7,6,7,7,6,5,5,6,5,6,5,7,7,1,1,1
D3 Sistem Informasi,2024,Laki-laki,20,3.5,1-3 kali,4-5 Jam,4,4,3,4,3,5,4,5,4,3,3,2,3,4,4,4,2,2,3,1,2,2,2,3,3,3,3,3,2,4,4,4,3,3,2,3,2,4,4,3,6,5,4,6,6,7,7,6,6,4,4,5,4,5,6,5,6,6,5,6,6,5,5,4,3,5,6,1
D3 Sistem Informasi,2024,Laki-laki,22,3.5,1-3 kali,4-5 Jam,3,1,1,4,1,1,1,1,3,3,1,1,2,3,1,1,1,1,1,1,1,1,1,1,1,1,1,1,1,1,1,1,1,3,1,3,1,1,1,1,5,7,6,7,4,7,4,7,7,4,4,7,7,7,7,7,4,7,7,7,7,7,7,7,1,1,1,1
D3 Sistem Informasi,2024,Perempuan,19,3.3,1-3 kali,6-7 Jam,3,1,1,5,2,3,3,3,3,3,2,3,3,3,3,3,3,3,3,1,2,4,4,4,3,3,3,3,3,4,2,3,5,5,1,5,3,1,4,2,7,7,7,7,7,7,7,6,4,3,5,4,4,4,5,6,5,5,5,5,4,7,7,7,7,2,1,1
D3 Sistem Informasi,2024,Laki-laki,19,3.2,1-3 kali,< 4 Jam,4,2,3,5,3,4,3,2,2,3,1,2,4,3,2,2,3,4,2,2,5,5,5,3,3,2,2,3,4,3,2,4,1,4,3,2,1,2,1,2,6,6,4,5,5,5,6,6,6,2,2,3,4,4,6,6,2,3,4,3,1,6,5,6,5,4,3,3
D3 Sistem Informasi,2024,Perempuan,19,3.38,1-3 kali,4-5 Jam,2,3,2,4,1,1,2,2,2,1,1,1,3,3,2,3,3,3,3,3,3,3,2,4,1,2,1,2,2,3,2,2,1,3,2,3,3,3,2,2,6,6,5,5,7,5,5,4,4,5,4,5,6,5,6,7,7,7,5,6,7,7,7,7,3,3,3,3
D3 Sistem Informasi,2024,Laki-laki,19,3.1,1-3 kali,4-5 Jam,3,2,2,3,3,3,3,4,3,3,3,4,3,3,3,3,3,2,4,2,3,4,3,2,3,2,2,3,3,3,3,3,4,4,3,5,4,3,4,3,3,3,4,3,3,4,4,4,3,2,2,2,5,5,5,5,4,4,4,4,6,6,6,6,1,2,1,1
D3 Sistem Informasi,2024,Laki-laki,20,3.0,Tidak pernah,4-5 Jam,2,1,1,4,1,1,4,1,4,4,1,3,4,4,4,4,4,1,1,3,1,1,1,1,5,1,1,4,4,1,1,1,1,1,1,1,1,1,1,1,4,4,4,5,5,5,6,6,6,6,6,4,4,4,5,5,5,5,5,5,7,7,7,7,3,5,5,5
D3 Sistem Informasi,2024,Laki-laki,19,3.35,4-6 kali,6-7 Jam,4,2,4,4,2,3,3,1,2,4,1,3,3,3,2,5,4,3,3,2,4,3,2,2,3,2,3,3,3,4,3,1,4,4,1,5,3,2,3,3,7,7,7,7,6,6,6,7,7,1,1,4,7,7,7,7,7,7,7,7,1,7,7,7,4,1,1,1
D3 Sistem Informasi,2024,Laki-laki,20,3.95,>7 kali,6-7 Jam,2,1,2,1,1,2,3,3,2,2,3,3,2,2,3,4,3,2,3,2,3,2,3,2,4,4,3,3,2,3,2,3,3,2,3,2,3,2,3,2,3,3,4,4,3,4,3,5,3,4,3,4,3,4,3,4,5,4,3,2,3,4,5,4,3,2,3,4
D3 Sistem Informasi,2024,Laki-laki,21,3.6,>7 kali,6-7 Jam,4,2,4,4,1,5,2,5,3,3,2,1,4,2,2,3,3,3,2,4,3,2,2,2,1,1,1,1,2,2,1,1,1,4,2,5,3,2,1,1,7,7,7,7,7,7,7,7,6,4,1,5,7,7,7,7,3,1,1,2,2,2,6,6,1,1,1,1
D3 Sistem Informasi,2024,Laki-laki,20,3.3,1-3 kali,4-5 Jam,2,2,2,3,2,2,2,2,2,2,2,2,2,2,2,2,2,2,2,2,2,2,2,2,2,1,2,2,2,2,2,2,2,2,2,2,2,2,2,2,6,6,6,6,6,6,6,6,6,6,6,6,6,6,6,6,6,6,6,6,6,6,7,7,2,2,1,1
D3 Sistem Informasi,2024,Laki-laki,20,3.9,>7 kali,6-7 Jam,2,1,2,4,4,4,3,2,3,5,4,3,3,4,4,5,2,4,3,3,4,3,4,2,2,3,4,5,4,3,4,3,2,3,2,5,2,3,4,2,1,2,3,4,3,6,6,5,6,5,6,5,6,4,6,7,6,7,6,7,7,7,7,6,7,6,1,1
D3 Sistem Informasi,2024,Perempuan,19,3.64,1-3 kali,6-7 Jam,3,2,2,3,2,2,3,2,2,2,2,1,2,3,3,5,3,3,3,2,3,3,3,3,2,1,2,3,2,2,1,2,4,5,1,5,3,1,3,2,7,7,7,7,7,7,7,7,7,7,7,7,7,7,7,7,7,7,7,7,4,7,7,7,1,1,1,1
D3 Sistem Informasi,2024,Laki-laki,19,3.0,1-3 kali,4-5 Jam,2,1,1,5,1,2,2,3,2,3,1,2,2,2,2,3,2,1,3,3,2,2,2,2,2,1,1,2,1,2,2,1,3,2,1,4,2,2,1,2,2,2,2,3,2,1,2,2,2,2,2,2,3,3,3,3,3,2,3,3,3,3,2,3,5,6,7,6
D3 Sistem Informasi,2024,Laki-laki,19,3.3,1-3 kali,4-5 Jam,4,2,4,3,3,3,3,3,3,3,2,3,3,4,4,4,4,4,4,3,3,4,3,4,3,3,3,4,3,4,3,3,4,5,2,4,4,3,4,3,2,2,2,2,2,2,2,2,2,2,1,1,1,1,1,1,1,3,3,3,3,3,3,3,7,7,6,6
D3 Sistem Informasi,2024,Laki-laki,20,3.9,>7 kali,< 4 Jam,4,3,3,5,2,3,2,4,3,1,2,3,4,5,4,3,2,1,3,4,4,3,5,1,5,3,1,3,5,4,2,3,1,4,2,5,5,4,3,1,2,2,2,2,2,3,3,3,3,3,3,3,3,3,3,3,3,3,3,3,3,4,4,4,4,4,7,1
D3 Sistem Informasi,2024,Perempuan,19,3.1,4-6 kali,6-7 Jam,3,1,1,4,2,2,2,2,3,3,2,2,2,2,4,3,2,2,3,2,2,2,2,3,3,3,2,3,2,3,2,2,5,5,1,5,4,3,2,3,7,7,7,7,7,7,7,7,7,7,7,7,7,7,7,7,7,7,7,7,7,7,7,7,1,1,1,1
D3 Sistem Informasi,2024,Laki-laki,19,3.58,1-3 kali,4-5 Jam,2,2,4,2,3,3,4,2,2,2,1,2,3,4,3,3,2,2,3,1,2,2,2,1,2,1,1,3,2,2,1,2,1,4,1,1,3,2,2,2,6,6,6,5,6,5,5,5,6,3,4,5,6,7,6,7,6,6,5,5,6,7,7,7,1,2,1,1
D3 Sistem Informasi,2024,Perempuan,19,3.8,Tidak pernah,4-5 Jam,3,1,2,5,2,4,4,3,3,3,2,1,3,3,3,3,3,3,3,2,2,2,2,2,3,2,3,1,2,2,2,2,2,2,2,2,2,2,2,2,4,5,6,6,6,6,6,6,6,3,3,3,6,6,7,7,7,4,7,4,5,5,6,6,4,4,6,6
D3 Sistem Informasi,2024,Perempuan,20,3.9,1-3 kali,4-5 Jam,2,2,2,2,2,2,1,2,2,1,1,1,1,3,2,1,3,1,2,2,2,2,1,1,2,2,1,1,1,2,2,2,1,1,1,1,1,1,1,1,6,6,6,7,5,5,7,6,6,5,4,5,7,7,7,7,7,4,5,5,4,5,7,7,1,1,1,1
D3 Sistem Informasi,2024,Perempuan,20,3.35,1-3 kali,6-7 Jam,3,1,2,4,1,2,2,3,3,3,1,2,3,3,3,3,2,2,3,2,2,2,3,2,3,1,1,3,2,2,2,3,2,4,1,3,2,2,1,3,7,7,7,7,5,4,6,6,4,4,3,5,7,7,7,7,7,5,3,7,3,4,7,7,1,1,1,1
D3 Sistem Informasi,2024,Laki-laki,19,3.4,1-3 kali,4-5 Jam,4,2,1,4,2,1,1,4,2,1,1,4,2,1,1,1,2,2,2,2,3,4,4,2,5,3,4,1,1,1,1,2,1,1,1,2,1,1,1,2,4,5,5,6,6,6,6,6,3,3,3,4,4,4,6,6,6,3,7,7,3,3,7,4,1,1,1,1
D3 Sistem Informasi,2024,Laki-laki,19,3.16,Tidak pernah,4-5 Jam,3,1,1,5,1,2,2,3,2,2,1,1,2,1,2,2,3,3,4,5,5,5,5,5,2,2,1,4,2,4,1,3,3,4,1,5,3,2,2,3,5,5,5,6,6,7,6,5,3,7,7,4,7,7,6,6,7,7,7,7,7,7,7,7,6,6,2,2
D3 Sistem Informasi,2024,Laki-laki,21,3.14,1-3 kali,4-5 Jam,1,1,2,4,1,3,1,2,1,2,1,2,4,3,2,2,4,1,5,1,3,1,1,5,2,1,1,5,1,1,1,1,1,3,1,1,3,1,1,1,7,7,7,6,7,7,7,7,7,7,6,6,7,7,7,7,7,7,7,7,6,6,7,7,1,1,1,1
D3 Sistem Informasi,2024,Perempuan,19,3.3,1-3 kali,6-7 Jam,2,2,1,4,2,3,4,4,4,2,2,2,3,5,5,4,4,4,4,4,3,3,3,2,2,4,2,3,3,3,3,5,5,5,1,5,3,1,2,4,5,5,5,5,5,5,4,4,4,4,4,4,4,4,6,6,6,6,4,4,4,4,4,4,4,4,2,2
D3 Sistem Informasi,2024,Perempuan,19,3.5,1-3 kali,6-7 Jam,3,1,2,3,1,1,2,1,3,3,1,3,2,3,3,3,4,5,4,3,5,3,5,3,1,1,1,3,2,2,1,2,3,4,1,4,4,3,1,3,4,4,4,4,4,4,6,6,4,4,5,4,7,4,6,7,6,6,7,7,4,7,7,6,3,2,1,1
D3 Sistem Informasi,2024,Perempuan,19,3.4,1-3 kali,6-7 Jam,4,3,4,4,2,4,3,5,4,4,2,3,4,4,5,4,4,3,4,4,3,3,3,1,2,2,1,2,3,3,2,3,4,5,4,5,4,2,3,5,6,6,5,5,5,6,6,5,4,4,4,5,6,7,7,6,7,6,6,6,7,7,7,6,2,2,2,2
D3 Sistem Informasi,2024,Perempuan,20,3.4,1-3 kali,4-5 Jam,2,1,3,2,1,3,3,1,4,1,1,3,3,5,5,5,1,1,1,3,3,3,1,3,1,1,1,1,1,4,1,1,1,3,1,1,1,3,1,5,4,5,4,4,4,4,4,4,5,7,7,1,7,5,7,5,7,7,7,7,7,5,7,7,1,1,1,1
D3 Sistem Informasi,2024,Perempuan,20,3.5,1-3 kali,< 4 Jam,3,1,2,4,2,1,2,1,2,2,2,1,2,2,3,3,4,3,3,2,1,2,2,1,2,1,1,3,2,1,1,2,4,1,5,4,2,1,3,1,7,7,6,7,3,4,7,6,6,7,6,7,7,7,7,7,6,7,7,7,4,7,7,7,4,5,2,2
D3 Sistem Informasi,2024,Perempuan,19,3.49,1-3 kali,4-5 Jam,3,1,1,4,2,1,4,1,3,3,1,1,3,5,4,1,2,3,3,1,2,1,2,1,3,2,1,4,3,5,2,3,1,5,1,5,4,1,1,3,7,7,4,5,7,7,7,7,4,4,4,7,7,7,6,7,4,1,1,4,6,7,7,7,1,1,1,1
D3 Sistem Informasi,2024,Laki-laki,21,3.3,1-3 kali,4-5 Jam,3,1,4,3,2,2,1,1,2,3,2,3,2,2,3,3,3,2,4,2,5,2,2,3,2,2,2,3,3,2,1,3,1,3,1,3,3,2,1,3,6,7,6,6,6,6,6,6,6,5,5,5,7,6,5,6,4,5,6,5,4,7,6,7,2,1,1,1
D3 Sistem Informasi,2024,Laki-laki,20,3.98,4-6 kali,6-7 Jam,3,1,1,4,3,3,3,2,2,3,1,3,3,3,4,3,3,3,4,2,4,4,4,4,3,3,3,2,3,4,3,4,4,4,2,4,4,2,3,3,4,5,5,4,4,4,5,5,3,3,3,5,6,5,5,5,5,3,4,6,5,5,7,7,2,3,2,1
D3 Sistem Informasi,2024,Laki-laki,19,2.6,1-3 kali,6-7 Jam,4,3,3,3,2,3,3,1,3,4,1,2,3,2,3,3,3,3,3,2,4,5,4,2,2,1,1,3,2,3,2,3,5,5,1,5,3,3,4,3,7,7,6,7,6,7,7,5,7,7,6,5,4,5,6,3,4,5,4,5,5,5,4,5,3,2,2,1
D3 Sistem Informasi,2024,Laki-laki,19,3.2,1-3 kali,6-7 Jam,3,1,1,5,2,1,1,1,3,3,2,1,2,2,3,3,2,3,3,3,3,5,3,3,2,2,2,1,3,3,1,2,1,4,2,5,5,1,3,1,7,7,7,7,4,6,6,6,6,6,2,6,7,6,7,7,7,7,4,6,4,5,5,5,1,1,1,1
D4 Sistem Informasi Kota Cerdas,2024,Perempuan,20,3.5,Tidak pernah,< 4 Jam,4,2,3,3,3,2,3,1,3,5,1,3,4,2,4,4,5,5,3,2,3,4,4,2,2,2,3,3,3,3,2,3,3,2,5,3,4,4,3,3,3,3,3,4,3,3,4,4,3,3,3,2,7,6,6,6,6,5,1,3,7,7,7,7,3,5,3,4
D3 Sistem Informasi,2024,Laki-laki,20,3.14,4-6 kali,4-5 Jam,3,2,3,5,3,1,2,3,2,4,1,2,3,2,4,3,3,2,3,2,3,2,2,1,2,1,1,3,2,5,2,3,2,3,1,3,4,2,1,3,5,6,3,3,3,4,5,5,6,6,4,3,7,7,7,7,6,4,6,5,2,3,5,6,1,2,1,1
D3 Sistem Informasi,2024,Perempuan,20,3.05,1-3 kali,6-7 Jam,3,3,2,4,3,2,5,4,3,4,2,3,4,5,4,3,3,3,4,3,2,1,3,3,3,3,3,3,3,4,5,2,4,2,3,3,2,1,3,3,6,6,4,4,4,3,6,6,5,5,4,4,6,6,6,6,7,7,6,6,6,5,6,6,1,1,1,1
D3 Sistem Informasi,2024,Laki-laki,19,3.56,>7 kali,6-7 Jam,4,1,3,4,2,1,2,4,2,3,1,1,2,2,2,2,3,1,1,3,2,1,1,1,1,1,1,2,2,3,1,1,1,3,1,1,3,1,1,1,7,7,7,6,7,7,7,7,7,7,6,6,7,7,7,7,7,7,7,7,6,6,7,7,1,1,1,1
D4 Sistem Informasi Kota Cerdas,2024,Perempuan,19,3.6,Tidak pernah,4-5 Jam,3,2,4,3,3,2,4,1,3,3,1,2,2,3,4,4,4,5,3,3,2,3,3,4,2,1,1,4,2,3,1,1,4,5,1,5,3,3,1,2,5,4,4,4,4,5,6,4,3,5,4,4,5,4,4,5,4,5,5,6,2,3,7,7,4,4,4,4
D4 Sistem Informasi Kota Cerdas,2024,Perempuan,19,3.5,1-3 kali,4-5 Jam,3,1,1,3,2,2,3,1,3,3,1,2,3,2,2,1,3,4,2,3,3,2,2,2,2,1,2,1,2,1,1,1,3,4,5,1,5,3,2,1,7,7,7,7,5,5,5,6,5,6,5,4,7,7,7,7,7,7,7,7,5,6,7,7,1,1,1,1
D3 Sistem Informasi,2024,Perempuan,20,3.1,1-3 kali,4-5 Jam,2,2,1,4,3,2,2,4,4,3,1,2,3,5,4,5,2,3,3,2,1,1,1,3,3,4,3,4,3,3,3,3,2,5,1,2,3,1,1,1,7,7,7,7,7,7,6,7,7,5,5,7,7,7,7,7,7,7,7,7,6,7,7,7,1,1,1,1
D3 Sistem Informasi,2023,Perempuan,20,3.68,1-3 kali,6-7 Jam,3,1,1,3,1,3,3,2,3,2,1,2,3,2,3,2,3,2,2,2,2,3,3,3,2,2,2,2,2,2,3,2,4,4,1,4,2,2,3,2,7,6,7,7,4,6,6,6,6,6,6,6,7,7,7,7,7,7,7,7,6,7,7,7,1,1,1,1
D3 Sistem Informasi,2024,Perempuan,19,3.49,1-3 kali,4-5 Jam,3,2,3,4,3,1,3,1,2,2,1,3,4,4,4,4,3,3,3,2,2,2,3,2,3,2,2,3,2,3,1,2,2,3,1,4,3,3,3,3,4,4,5,4,5,5,5,4,4,3,3,4,6,5,5,5,5,5,5,5,4,5,6,6,1,3,2,2
D3 Sistem Informasi,2024,Laki-laki,19,3.4,4-6 kali,6-7 Jam,2,2,1,2,1,3,2,1,1,2,1,2,2,1,2,2,1,2,2,1,2,2,2,1,3,1,1,1,1,2,1,2,1,1,1,2,2,1,1,2,4,4,5,4,4,4,2,4,4,4,4,4,1,1,4,5,4,4,4,4,5,4,4,4,4,4,1,1
D3 Sistem Informasi,2024,Laki-laki,21,2.9,Tidak pernah,6-7 Jam,2,1,2,1,2,1,2,1,2,1,2,1,2,1,2,1,2,1,2,1,2,1,2,1,2,1,2,1,2,1,2,1,2,1,2,2,1,1,1,2,6,5,6,6,5,6,6,6,5,6,6,6,5,5,6,6,5,6,7,7,7,6,6,5,4,5,5,4
D3 Sistem Informasi,2024,Laki-laki,19,3.4,1-3 kali,4-5 Jam,3,2,3,3,2,3,3,3,3,3,3,3,3,3,3,3,4,4,4,4,2,1,2,1,3,2,1,2,2,1,2,2,2,3,2,2,1,2,2,1,4,4,4,4,4,4,4,4,4,4,4,4,4,4,4,4,4,4,4,4,4,4,4,4,4,4,4,4
D3 Sistem Informasi,2024,Perempuan,20,3.4,Tidak pernah,6-7 Jam,1,1,1,3,1,1,1,1,2,1,1,1,2,2,3,1,2,1,1,1,2,1,1,2,1,1,1,2,1,1,1,2,1,5,1,4,3,1,1,1,4,5,4,4,3,4,3,5,2,2,2,4,7,7,6,7,7,7,7,7,6,6,7,7,1,1,1,1
D3 Sistem Informasi,2024,Perempuan,20,3.39,1-3 kali,6-7 Jam,4,2,2,3,5,3,2,3,3,4,5,3,2,3,3,3,5,5,5,4,4,5,5,1,3,2,3,5,5,4,4,4,4,5,2,5,5,4,2,5,4,5,5,2,4,5,4,5,3,3,3,3,7,3,7,7,7,5,6,6,7,7,7,7,1,2,1,1
D3 Sistem Informasi,2024,Laki-laki,20,3.72,4-6 kali,4-5 Jam,3,2,4,1,3,3,3,3,1,1,1,2,4,2,1,3,4,1,2,1,1,1,3,1,3,2,4,1,3,3,3,3,1,1,1,2,4,2,1,3,6,6,6,6,6,6,6,6,7,6,6,2,6,1,5,6,4,2,1,5,1,2,7,4,1,1,1,1
D3 Sistem Informasi,2024,Laki-laki,19,4.0,Tidak pernah,6-7 Jam,4,2,2,5,2,2,1,3,5,5,5,2,5,5,5,2,5,5,5,3,3,1,5,1,3,1,1,1,2,2,1,3,1,1,1,1,5,1,1,1,7,7,7,7,7,7,7,7,7,7,7,7,7,7,7,7,7,7,7,7,7,7,7,7,1,1,1,1
D3 Sistem Informasi,2024,Laki-laki,17,3.4,1-3 kali,4-5 Jam,2,2,2,1,1,1,1,2,1,2,2,2,2,1,2,1,2,2,1,2,1,1,1,1,2,2,1,2,2,2,1,1,1,1,2,2,1,2,1,2,4,5,5,5,5,6,5,5,4,4,3,4,6,6,5,2,5,6,6,6,5,5,6,7,5,6,7,5
D3 Sistem Informasi,2024,Perempuan,19,3.55,1-3 kali,6-7 Jam,3,2,1,3,2,1,2,1,1,2,1,3,3,2,4,3,3,3,4,2,2,3,2,2,1,1,2,2,2,3,1,2,3,4,1,4,3,2,4,3,6,6,5,6,5,6,7,7,6,4,6,6,6,6,6,6,7,6,6,6,7,7,7,7,4,3,1,4
D3 Sistem Informasi,2024,Perempuan,19,3.4,1-3 kali,4-5 Jam,3,2,2,3,3,1,3,2,3,5,1,3,4,4,5,3,5,2,3,2,3,3,2,3,2,2,3,3,4,3,2,1,3,5,1,5,5,3,1,3,7,4,5,4,5,5,4,7,4,4,4,6,7,6,6,4,5,5,5,4,5,6,7,7,1,1,1,1
D3 Sistem Informasi,2024,Laki-laki,19,3.87,1-3 kali,4-5 Jam,3,2,3,3,2,3,2,2,3,3,5,2,2,3,4,3,2,1,3,3,2,2,4,1,2,3,3,1,4,3,2,3,1,1,1,2,4,1,2,2,5,6,4,4,3,4,5,4,5,5,4,4,5,7,5,4,4,5,3,4,3,4,5,4,4,5,5,1
D3 Sistem Informasi,2024,Laki-laki,19,3.2,Tidak pernah,4-5 Jam,3,3,2,3,3,3,2,2,3,4,1,3,5,3,4,4,4,4,4,3,3,4,3,4,3,2,2,3,4,3,3,4,3,4,3,4,3,3,3,4,3,3,3,3,3,3,3,3,3,3,3,3,3,3,3,3,3,3,3,3,3,3,3,3,7,7,7,7
D3 Sistem Informasi,2024,Perempuan,18,3.63,Tidak pernah,6-7 Jam,3,1,1,3,2,1,2,1,3,3,2,3,4,3,4,3,4,4,4,4,4,2,3,2,2,2,2,3,3,3,2,3,1,3,1,5,4,2,1,3,6,6,6,5,4,4,6,5,5,5,4,4,6,6,6,5,6,5,4,6,4,6,6,6,1,1,1,1
D3 Sistem Informasi,2024,Perempuan,20,3.5,4-6 kali,6-7 Jam,3,3,3,3,3,5,3,2,3,4,5,3,2,3,4,5,3,2,3,4,5,4,3,2,2,3,4,5,5,4,3,2,2,3,4,5,4,3,2,2,7,6,6,7,6,6,7,6,6,7,6,6,7,6,6,7,7,6,6,7,6,7,6,7,1,2,1,2
D3 Sistem Informasi,2024,Laki-laki,20,2.46,Tidak pernah,< 4 Jam,5,4,3,5,4,3,3,4,4,5,3,3,4,3,5,3,4,5,4,3,4,5,4,5,4,4,3,4,4,5,4,3,3,4,3,4,4,3,4,3,6,5,6,5,4,6,6,7,6,5,4,5,6,6,5,5,6,5,4,5,4,5,6,4,6,5,5,6
D3 Sistem Informasi,2024,Laki-laki,12,3.1,1-3 kali,6-7 Jam,3,2,3,2,3,2,3,4,3,3,3,2,2,3,3,2,3,4,4,3,1,1,2,1,2,2,3,3,3,2,2,4,3,3,3,3,2,1,3,3,1,2,1,2,1,1,2,1,2,1,2,1,2,2,1,2,4,5,6,7,7,6,5,4,1,2,2,1
D3 Sistem Informasi,2024,Perempuan,18,3.7,1-3 kali,4-5 Jam,4,1,1,3,4,4,5,3,3,3,1,1,3,3,4,4,5,5,5,5,5,5,5,5,3,2,1,3,3,3,1,3,1,4,1,5,4,2,1,2,6,6,6,6,6,6,6,6,6,7,6,6,7,7,7,7,7,7,7,7,7,7,7,7,1,1,1,1
D3 Sistem Informasi,2024,Laki-laki,17,3.4,1-3 kali,4-5 Jam,2,2,2,1,1,1,1,2,1,2,2,2,2,1,2,1,2,2,1,2,1,1,1,1,2,2,1,2,2,2,1,1,1,1,2,2,1,2,1,2,3,5,5,5,6,5,5,4,3,4,4,5,6,6,2,5,6,6,6,5,5,6,7,5,5,6,7,5
D3 Sistem Informasi,2024,Laki-laki,18,3.6,1-3 kali,4-5 Jam,3,2,1,4,4,2,4,3,3,3,1,3,3,3,5,3,3,2,3,1,2,2,2,4,3,3,3,2,3,3,3,3,2,4,2,4,4,2,2,3,4,5,5,5,5,5,5,5,5,5,5,5,5,6,5,4,4,4,4,4,4,4,4,4,6,7,6,6
D3 Sistem Informasi,2024,Perempuan,19,3.4,1-3 kali,4-5 Jam,3,2,2,3,3,1,3,2,3,5,1,3,4,4,5,3,5,2,3,2,3,3,2,3,2,2,3,3,4,3,2,1,3,5,1,5,5,3,1,3,7,4,5,4,5,5,4,7,4,4,4,6,7,6,6,4,5,5,5,4,5,6,7,7,1,1,1,1
D3 Sistem Informasi,2024,Laki-laki,19,3.87,1-3 kali,4-5 Jam,3,2,3,3,2,3,2,2,3,3,5,2,2,3,4,3,2,1,3,3,2,2,4,1,2,3,3,1,4,3,2,3,1,1,1,2,4,1,2,2,5,6,4,4,3,4,5,4,5,5,4,4,5,7,5,4,4,5,5,6,5,6,5,6,4,5,5,2
D3 Sistem Informasi,2024,Laki-laki,18,3.75,1-3 kali,6-7 Jam,4,4,4,4,4,4,4,4,4,2,2,1,3,4,2,4,1,4,2,5,4,2,2,3,2,2,2,2,1,2,2,2,2,2,1,3,2,4,2,2,2,2,2,2,2,2,2,2,2,2,2,2,6,7,6,5,4,7,6,5,7,6,6,7,1,1,1,1
D4 Sistem Informasi Kota Cerdas,2024,Perempuan,19,3.2,1-3 kali,> 7 Jam,4,3,2,4,3,4,3,3,4,3,1,3,5,5,4,2,4,1,4,5,2,2,4,2,4,1,1,4,3,5,3,4,5,5,4,5,5,4,5,5,6,6,6,6,6,6,6,6,6,6,7,5,4,4,4,4,4,4,4,4,4,4,4,4,7,7,7,7
D4 Sistem Informasi Kota Cerdas,2024,Laki-laki,19,3.0,4-6 kali,6-7 Jam,2,1,2,2,1,2,2,2,2,1,2,1,2,1,1,1,2,2,1,2,2,1,1,1,2,2,1,2,1,2,1,1,2,1,2,1,2,2,2,2,7,7,7,6,7,7,7,7,7,7,7,7,3,3,3,3,4,3,4,3,4,3,4,3,7,7,7,7
D3 Sistem Informasi,2023,Laki-laki,20,3.5,4-6 kali,4-5 Jam,5,4,5,5,4,5,4,4,5,4,5,4,4,5,5,4,5,4,5,4,4,4,1,1,3,3,3,4,4,5,4,5,5,5,4,5,5,5,5,5,3,2,3,1,2,3,2,1,2,2,1,2,2,1,2,2,1,2,2,1,2,2,1,2,7,7,7,7
D3 Sistem Informasi,2023,Laki-laki,21,3.48,4-6 kali,4-5 Jam,5,4,5,5,5,5,4,5,5,4,5,4,5,5,4,5,5,4,5,4,4,5,5,4,5,4,5,4,4,4,4,4,5,5,3,5,5,5,5,5,2,2,2,1,2,2,1,1,1,1,2,1,2,2,2,2,2,1,2,2,2,2,1,2,7,7,7,7
D3 Sistem Informasi,2024,Perempuan,19,3.64,Tidak pernah,> 7 Jam,5,4,5,4,5,4,4,4,4,5,3,5,4,4,4,4,5,4,4,5,5,5,5,2,4,4,4,5,4,5,3,4,5,5,5,5,5,5,5,5,1,1,1,2,2,1,2,2,1,2,2,1,3,2,3,2,3,3,3,1,3,3,2,3,7,6,7,6
D3 Sistem Informasi,2024,Perempuan,19,3.42,1-3 kali,6-7 Jam,4,3,4,5,5,5,5,5,4,5,2,5,4,5,5,5,5,5,5,5,5,5,5,4,4,3,4,5,4,4,3,3,5,5,5,5,5,5,5,5,1,3,2,2,3,2,3,3,3,3,3,4,2,3,2,4,4,3,4,4,3,3,4,2,7,6,6,6
D3 Sistem Informasi,2023,Perempuan,20,3.52,1-3 kali,6-7 Jam,4,4,5,4,5,4,5,4,4,5,3,5,4,4,5,5,5,5,5,5,5,4,4,2,3,3,3,5,5,5,3,3,5,4,5,4,4,5,5,5,2,3,2,2,2,3,2,1,3,2,3,2,2,2,3,2,2,3,2,3,2,3,2,3,7,6,7,6
D3 Sistem Informasi,2023,Laki-laki,20,3.27,1-3 kali,6-7 Jam,4,4,4,5,4,4,5,4,4,5,3,4,4,4,4,5,5,4,5,5,4,5,4,2,3,3,3,5,3,3,3,3,5,5,4,5,5,5,5,5,4,4,3,4,3,4,3,3,4,2,3,3,3,2,4,3,3,4,2,2,2,2,2,2,6,6,6,6
D3 Sistem Informasi,2023,Laki-laki,20,3.64,4-6 kali,4-5 Jam,2,1,2,1,2,2,1,2,2,1,2,2,2,1,2,1,1,1,1,2,1,1,1,2,2,1,2,1,1,2,1,1,2,1,2,2,2,1,2,1,5,6,6,5,6,5,6,5,6,5,6,5,2,3,2,3,3,3,3,2,3,3,3,3,5,4,5,6
D3 Sistem Informasi,2023,Laki-laki,20,3.28,1-3 kali,6-7 Jam,5,4,5,5,5,5,5,5,5,4,3,5,5,4,5,5,4,5,4,5,5,5,5,3,4,3,3,5,4,5,3,5,5,4,4,5,4,5,5,5,6,5,5,6,5,5,6,5,6,5,5,4,4,3,3,3,4,3,4,5,4,3,4,3,6,6,7,6
D4 Sistem Informasi Kota Cerdas,2024,Perempuan,19,3.48,1-3 kali,6-7 Jam,5,4,5,4,5,5,4,5,3,5,2,4,3,4,5,5,4,5,5,5,5,4,4,2,4,3,3,5,3,4,3,3,4,3,4,4,4,3,4,4,5,4,5,6,4,4,5,5,4,5,6,5,2,2,2,2,2,3,2,3,2,2,2,3,6,5,6,6
D3 Sistem Informasi,2023,Perempuan,20,3.55,3-4 kali,6-7 Jam,3,3,3,3,3,3,3,3,3,3,3,3,3,3,3,3,3,3,3,3,3,3,3,3,3,3,3,3,3,3,3,3,3,3,3,3,3,3,3,3,4,4,4,4,4,4,4,4,4,4,4,4,4,4,4,4,4,4,4,4,4,4,4,4,4,4,4,4
D3 Sistem Informasi,2023,Perempuan,20,3.55,3-4 kali,6-7 Jam,3,3,3,3,3,3,3,3,3,3,3,3,3,3,3,3,3,3,3,3,3,3,3,3,3,3,3,3,3,3,3,3,3,3,3,3,3,3,3,3,7,7,7,7,7,7,7,7,7,7,7,7,7,7,7,7,7,7,7,7,7,4,4,4,2,2,2,2
D3 Sistem Informasi,2023,Perempuan,20,3.55,3-4 kali,6-7 Jam,1,1,1,1,1,1,1,1,1,1,3,3,3,3,1,1,1,1,1,1,3,3,3,3,1,1,1,1,1,1,3,3,3,3,1,1,1,1,1,1,7,7,7,7,7,7,7,7,7,7,7,7,7,7,7,7,7,7,7,7,7,4,4,4,2,2,2,4
D3 Sistem Informasi,2023,Perempuan,20,3.55,3-4 kali,6-7 Jam,1,1,1,1,1,1,1,1,1,1,3,3,3,3,1,1,1,1,1,1,3,3,3,3,1,1,1,1,1,1,3,3,3,3,1,1,1,1,1,1,7,7,7,7,7,7,7,7,7,7,7,7,7,7,7,7,7,7,7,7,7,4,4,4,2,2,2,4
D3 Sistem Informasi,2023,Perempuan,20,3.55,3-4 kali,6-7 Jam,1,1,1,1,1,1,1,1,1,1,1,1,1,1,1,1,1,1,1,1,1,1,1,1,1,1,1,1,1,1,1,1,1,1,1,1,1,1,1,1,7,7,7,7,7,7,7,7,7,7,7,7,7,7,7,7,7,7,7,7,7,4,4,4,2,2,2,4
D3 Sistem Informasi,2023,Perempuan,20,3.55,3-4 kali,6-7 Jam,1,1,1,1,1,1,1,1,1,1,1,1,1,1,1,1,1,1,1,1,1,1,1,1,1,1,1,1,1,1,1,1,1,1,1,1,1,1,1,1,7,7,7,7,7,7,7,7,7,7,7,7,7,7,7,7,7,7,7,7,7,4,4,4,2,2,2,4
D3 Sistem Informasi,2023,Perempuan,20,3.55,3-4 kali,6-7 Jam,1,1,1,1,1,1,1,1,1,1,1,1,1,1,1,1,1,1,1,1,1,1,1,1,1,1,1,1,1,1,1,1,1,1,1,1,1,1,1,1,7,7,7,7,7,7,7,7,7,7,7,7,7,7,7,7,7,7,7,7,7,4,4,4,2,2,2,4
D3 Sistem Informasi,2023,Perempuan,20,3.55,3-4 kali,6-7 Jam,1,1,1,1,1,1,1,1,1,1,1,1,1,1,1,1,1,1,1,1,1,1,1,1,1,1,1,1,1,1,1,1,1,1,1,1,1,1,1,1,1,1,1,1,1,1,1,1,1,1,1,1,1,1,1,1,1,1,1,7,1,1,1,1,7,7,7,7
D3 Sistem Informasi,2023,Perempuan,20,3.55,3-4 kali,6-7 Jam,1,1,1,1,1,1,1,1,1,1,1,1,1,1,1,1,1,1,1,1,1,1,1,1,1,1,1,1,1,1,1,1,1,1,1,1,1,1,1,1,1,1,1,1,1,1,1,1,1,1,1,1,1,1,1,1,1,1,1,7,1,1,1,1,7,7,7,7
D3 Sistem Informasi,2023,Perempuan,20,3.55,3-4 kali,6-7 Jam,1,1,1,1,1,1,1,1,1,1,1,1,1,1,1,1,1,1,1,1,1,1,1,1,1,1,1,1,1,1,1,1,1,1,1,1,1,1,1,1,1,1,1,1,1,1,1,1,1,1,1,1,1,1,1,1,1,1,1,7,1,1,1,1,7,7,7,7
D3 Sistem Informasi,2023,Perempuan,20,3.55,3-4 kali,6-7 Jam,1,1,1,1,1,1,1,1,1,1,1,1,1,1,1,1,1,1,1,1,1,1,1,1,1,1,1,1,1,1,1,1,1,1,1,1,1,1,1,1,1,1,1,1,1,1,1,1,1,1,1,1,1,1,1,1,1,1,1,7,1,1,1,1,7,7,7,7
D3 Sistem Informasi,2023,Perempuan,20,3.55,3-4 kali,6-7 Jam,1,1,1,1,1,1,1,1,1,1,1,1,1,1,1,1,1,1,1,1,1,1,1,1,1,1,1,1,1,1,1,1,1,1,1,1,1,1,1,1,1,1,1,1,1,1,1,1,1,1,1,1,1,1,1,1,1,1,1,7,1,1,1,1,7,7,7,7
D3 Sistem Informasi,2023,Perempuan,20,3.55,3-4 kali,6-7 Jam,1,1,1,1,1,1,1,1,1,1,1,1,1,1,1,1,1,1,1,1,1,1,1,1,1,1,1,1,1,1,1,1,1,1,1,1,1,1,1,1,1,1,1,1,1,1,1,1,1,1,1,1,1,1,1,1,1,1,1,7,1,1,1,1,7,7,7,7
D3 Sistem Informasi,2023,Perempuan,20,3.55,3-4 kali,6-7 Jam,1,1,1,1,1,1,1,1,1,1,1,1,1,1,1,1,1,1,1,1,1,1,1,1,1,1,1,1,1,1,1,1,1,1,1,1,1,1,1,1,1,1,1,1,1,1,1,1,1,1,1,1,1,1,1,1,1,1,1,7,1,1,1,1,1,1,1,1
D3 Sistem Informasi,2023,Perempuan,20,3.55,3-4 kali,6-7 Jam,2,2,2,2,2,2,2,2,2,1,1,1,1,1,1,1,1,1,1,1,1,1,1,1,1,1,1,1,1,1,1,1,1,1,1,1,1,1,1,1,1,1,1,1,1,1,1,1,1,1,1,1,1,1,1,1,1,1,1,7,1,1,1,1,1,1,1,1
D3 Sistem Informasi,2023,Perempuan,20,3.55,3-4 kali,6-7 Jam,2,2,2,2,2,2,2,2,2,1,1,1,1,1,1,1,1,1,1,1,1,1,1,1,1,1,1,1,1,1,1,1,1,1,1,1,1,1,1,1,1,1,1,1,1,1,1,1,1,1,1,1,1,1,1,1,1,1,1,7,1,1,1,1,1,1,1,1
D3 Sistem Informasi,2023,Perempuan,20,3.55,3-4 kali,6-7 Jam,2,2,2,2,2,2,2,2,2,1,1,1,1,1,1,1,1,1,1,1,1,1,1,1,1,1,1,1,1,1,1,1,1,1,1,1,1,1,1,1,1,1,1,1,1,1,1,1,1,1,1,1,1,1,1,1,1,1,1,7,1,1,1,1,1,1,1,1
D3 Sistem Informasi,2023,Perempuan,20,3.55,3-4 kali,6-7 Jam,2,2,2,2,2,2,2,2,2,1,1,1,1,1,1,1,1,1,1,1,1,1,1,1,1,1,1,1,1,1,1,1,1,1,1,1,1,1,1,1,1,1,1,1,1,1,1,1,1,1,1,1,1,1,1,1,1,1,1,7,1,1,1,1,1,1,1,1
D3 Sistem Informasi,2023,Perempuan,20,3.55,3-4 kali,6-7 Jam,2,2,2,2,2,2,2,2,2,1,1,1,1,1,1,1,1,1,1,1,1,1,1,1,1,1,1,1,1,1,1,1,1,1,1,1,1,1,1,1,1,1,1,1,1,1,1,1,1,1,1,1,1,1,1,1,1,1,1,7,1,1,1,1,1,1,1,1
D3 Sistem Informasi,2023,Perempuan,20,3.55,3-4 kali,6-7 Jam,2,2,2,2,2,2,2,2,2,1,1,1,1,1,1,1,1,1,1,1,1,1,1,1,1,1,1,1,1,1,1,1,1,1,1,1,1,1,1,1,1,1,1,1,1,1,1,1,1,1,1,1,1,1,1,1,1,1,1,7,1,1,1,1,1,1,1,1
D3 Sistem Informasi,2023,Perempuan,20,3.55,3-4 kali,6-7 Jam,2,2,2,2,2,2,2,2,2,1,5,4,1,1,1,1,1,3,1,1,1,1,5,4,1,1,1,1,3,1,1,1,1,1,1,1,1,1,1,1,1,1,1,1,1,1,1,1,1,1,1,1,1,1,1,1,1,1,1,7,1,1,1,1,1,1,1,1
D3 Sistem Informasi,2023,Perempuan,20,3.55,3-4 kali,6-7 Jam,2,2,2,2,2,2,2,2,2,1,5,4,5,1,1,5,1,3,1,1,1,1,5,4,1,1,1,1,3,1,1,1,1,2,1,3,5,1,2,3,1,1,1,1,1,1,1,1,1,1,1,1,1,1,1,1,1,1,1,7,1,1,1,1,1,1,1,1
D3 Sistem Informasi,2023,Perempuan,20,3.55,3-4 kali,6-7 Jam,2,2,2,2,2,2,2,2,2,1,5,4,5,1,1,5,1,3,1,1,1,1,5,4,1,1,1,1,3,1,1,1,1,2,1,3,5,1,2,3,1,1,1,1,1,1,1,1,1,1,1,2,2,5,1,1,5,2,1,7,1,1,1,1,1,1,1,1
D3 Sistem Informasi,2023,Perempuan,20,3.55,3-4 kali,6-7 Jam,2,3,1,2,3,2,1,2,3,2,1,2,3,2,1,2,3,2,1,2,3,2,1,2,3,2,1,2,3,2,1,2,3,2,1,2,3,2,1,2,3,4,3,4,3,4,3,4,3,4,3,4,3,4,3,4,3,4,3,4,3,4,3,4,3,4,3,4
D3 Sistem Informasi,2023,Perempuan,20,3.55,3-4 kali,6-7 Jam,2,3,1,2,3,2,1,2,3,2,1,2,3,2,1,2,3,2,1,2,3,2,1,2,3,2,1,2,3,2,1,2,3,2,1,2,3,2,1,2,3,4,3,4,3,4,3,4,3,4,3,4,3,4,3,4,3,4,3,4,3,4,3,4,3,4,3,4
D3 Sistem Informasi,2023,Perempuan,20,3.55,3-4 kali,6-7 Jam,2,3,1,2,3,2,1,2,3,2,1,2,3,2,1,2,3,2,1,2,3,2,1,2,3,2,1,2,3,2,1,2,3,2,1,2,3,2,1,2,3,4,3,4,3,4,3,4,3,4,3,4,3,4,3,4,3,4,3,4,3,4,3,4,3,4,3,4
D3 Sistem Informasi,2023,Perempuan,20,3.55,3-4 kali,6-7 Jam,2,3,1,2,3,2,1,2,3,2,1,2,3,2,1,2,3,2,1,2,3,2,1,2,3,2,1,2,3,2,1,2,3,2,1,2,3,2,1,2,3,4,3,4,3,4,3,4,3,4,3,4,3,4,3,4,3,4,3,4,3,4,3,4,3,4,3,4
D3 Sistem Informasi,2023,Perempuan,20,3.55,3-4 kali,6-7 Jam,2,3,1,2,3,2,1,2,3,2,1,2,3,2,1,2,3,2,1,2,3,2,1,2,3,2,1,2,3,2,1,2,3,2,1,2,3,2,1,2,3,4,3,4,3,4,3,4,3,4,3,4,3,4,3,4,3,4,3,4,3,4,3,4,3,4,3,4
D3 Sistem Informasi,2023,Perempuan,20,3.55,3-4 kali,6-7 Jam,2,3,1,2,3,2,1,2,3,2,1,2,3,2,1,2,3,2,1,2,3,2,1,2,3,2,1,2,3,2,1,2,3,2,1,2,3,2,1,2,3,4,3,4,3,4,3,4,3,4,3,4,3,4,3,4,3,4,3,4,3,4,3,4,3,4,3,4
D3 Sistem Informasi,2023,Perempuan,20,3.55,3-4 kali,6-7 Jam,2,3,1,2,3,2,1,2,3,2,1,2,3,2,1,2,3,2,1,2,3,2,1,2,3,2,1,2,3,2,1,2,3,2,1,2,3,2,1,2,3,4,3,4,3,4,3,4,3,4,3,4,3,4,3,4,3,4,3,4,3,4,3,4,3,4,3,4
D3 Sistem Informasi,2023,Perempuan,20,3.55,3-4 kali,6-7 Jam,2,3,1,2,3,2,1,2,3,2,1,2,3,2,1,2,3,2,1,2,3,2,1,2,3,2,1,2,3,2,1,2,3,2,1,2,3,2,1,2,3,4,3,4,3,4,3,4,3,4,3,4,3,4,3,4,3,4,3,4,3,4,3,4,3,4,3,4
D3 Sistem Informasi,2023,Perempuan,20,3.55,3-4 kali,6-7 Jam,2,3,1,2,3,2,1,2,3,2,1,2,3,2,1,2,3,2,1,2,3,2,1,2,3,2,1,2,3,2,1,2,3,2,1,2,3,2,1,2,3,4,3,4,3,4,3,4,3,4,3,4,3,4,3,4,3,4,3,4,3,4,3,4,1,1,1,1
D3 Sistem Informasi,2023,Perempuan,20,3.55,3-4 kali,6-7 Jam,5,4,5,2,3,5,4,5,3,2,5,4,3,2,1,5,5,2,1,2,5,4,1,2,3,5,5,2,3,2,5,5,3,2,1,5,5,2,1,2,7,7,7,7,7,7,7,7,7,7,7,7,3,4,3,4,3,4,3,4,3,4,3,4,1,1,1,1
D3 Sistem Informasi,2023,Perempuan,20,3.55,3-4 kali,6-7 Jam,5,4,5,2,3,5,4,5,3,2,5,4,3,2,1,5,5,2,1,2,5,4,1,2,3,5,5,2,3,2,5,5,3,2,1,5,5,2,1,2,7,7,7,7,7,7,7,7,7,7,7,7,7,7,7,4,3,7,7,7,3,4,7,7,1,1,1,1
D3 Sistem Informasi,2023,Perempuan,20,3.55,3-4 kali,6-7 Jam,5,4,5,2,3,5,4,5,3,2,5,4,3,2,1,5,5,2,1,2,5,4,1,2,3,5,5,2,3,2,5,5,3,2,1,5,5,2,1,2,7,7,7,7,7,7,7,7,7,7,7,7,7,7,7,4,3,7,7,7,3,4,7,7,1,1,1,1
D3 Sistem Informasi,2023,Perempuan,20,3.55,3-4 kali,6-7 Jam,1,4,1,2,3,1,4,1,3,2,1,1,3,2,1,1,1,2,1,2,1,4,1,2,3,1,1,2,3,2,1,1,3,2,1,1,1,2,1,2,4,4,7,7,7,4,4,7,7,7,4,4,4,4,4,4,3,4,4,4,3,4,4,4,1,1,1,1
D3 Sistem Informasi,2023,Perempuan,20,3.55,3-4 kali,6-7 Jam,1,4,1,2,3,1,4,1,3,2,1,1,3,2,1,1,1,2,1,2,1,4,1,2,3,1,1,2,3,2,1,1,3,2,1,1,1,2,1,2,4,4,7,7,7,4,4,7,7,7,4,4,4,4,4,4,4,4,4,4,4,4,4,4,1,1,1,1
D3 Sistem Informasi,2023,Perempuan,20,3.55,3-4 kali,6-7 Jam,1,4,1,2,3,1,4,1,3,2,1,1,3,2,1,1,1,2,1,2,1,4,1,2,3,1,1,2,3,2,1,1,3,2,1,1,1,2,1,2,4,4,7,7,7,4,4,7,7,7,4,4,4,4,4,4,4,4,4,4,4,4,4,4,1,1,1,1
D3 Sistem Informasi,2023,Perempuan,20,3.55,3-4 kali,6-7 Jam,1,4,1,2,3,1,4,1,3,2,1,1,3,2,1,1,1,2,1,2,1,4,1,2,3,1,1,2,3,2,1,1,3,2,1,1,1,2,1,2,4,4,7,7,7,4,4,7,7,7,4,4,4,4,4,4,4,4,4,4,4,4,4,4,1,1,1,1
D3 Sistem Informasi,2023,Perempuan,20,3.55,3-4 kali,6-7 Jam,1,4,1,2,3,1,4,1,3,2,1,1,3,2,1,1,1,2,1,2,1,4,1,2,3,1,1,2,3,2,1,1,3,2,1,1,1,2,1,2,7,7,7,7,7,7,7,7,7,7,7,7,7,4,4,7,7,7,4,4,7,7,7,4,1,1,1,1
D3 Sistem Informasi,2023,Perempuan,20,3.55,3-4 kali,6-7 Jam,1,4,1,2,3,1,4,1,3,2,1,1,3,2,1,1,1,2,1,2,1,4,1,2,3,1,1,2,3,2,1,1,3,2,1,1,1,2,1,2,2,4,4,7,7,3,4,7,7,7,4,4,4,4,4,4,4,4,4,4,7,7,7,4,1,1,1,1
D3 Sistem Informasi,2023,Perempuan,20,3.55,3-4 kali,6-7 Jam,1,4,1,2,3,1,4,1,3,2,1,1,3,2,1,1,1,2,1,2,1,4,1,2,3,1,1,2,3,2,1,1,3,2,1,1,1,2,1,2,2,4,4,7,7,3,4,7,7,7,4,4,5,5,4,4,5,5,4,4,7,7,7,4,1,1,1,1
D3 Sistem Informasi,2023,Perempuan,20,3.55,3-4 kali,6-7 Jam,1,4,1,2,3,1,4,1,3,2,3,1,3,2,1,3,1,2,1,2,3,3,1,2,3,3,3,2,3,2,3,3,3,2,1,3,3,2,1,2,2,4,4,7,7,3,4,7,7,7,4,4,5,5,4,4,5,5,4,4,7,7,7,4,1,1,1,1
D3 Sistem Informasi,2023,Perempuan,20,3.55,3-4 kali,6-7 Jam,1,4,1,2,3,1,4,1,3,2,3,1,3,2,1,3,1,2,1,2,3,3,1,2,5,3,3,2,5,5,3,3,3,5,5,3,3,2,3,5,2,4,4,7,7,3,4,7,7,7,4,4,5,5,4,4,5,5,4,4,7,7,7,4,1,1,1,1
D3 Sistem Informasi,2023,Perempuan,20,3.50,Tidak pernah,6-7 Jam,2,1,2,2,1,2,1,2,2,1,2,1,2,2,1,2,1,2,2,1,2,1,2,2,1,2,1,2,2,1,2,1,2,2,1,2,1,2,2,1,3,2,2,3,2,2,3,2,2,3,2,2,3,2,2,3,2,2,3,2,2,3,2,2,3,7,7,7
D3 Sistem Informasi,2023,Perempuan,20,3.82,1-3 kali,> 7 Jam,1,2,1,1,2,1,1,2,1,1,2,1,1,2,1,1,2,1,1,2,1,1,2,1,1,2,1,1,2,1,1,2,1,1,2,1,1,2,1,1,7,6,7,7,6,7,7,6,7,7,6,7,7,6,7,7,6,7,7,6,7,7,6,7,2,2,2,1
